<?xml version="1.0" encoding="UTF-8"?>
<project xmlns="http://www.netbeans.org/ns/project/1">
    <type>org.netbeans.modules.web.project</type>
    <configuration>
        <data xmlns="http://www.netbeans.org/ns/web-project/3">
            <name>ITATSADMINSEARCH</name>
            <minimum-ant-version>1.6.5</minimum-ant-version>
            <web-module-libraries>
                <library dirs="200">
                    <file>${file.reference.activation.jar}</file>
                </library>
                <library dirs="200">
                    <file>${file.reference.antlr-2.7.7.jar}</file>
                </library>
                <library dirs="200">
                    <file>${file.reference.c3p0-0.9.2.1.jar}</file>
                </library>
                <library dirs="200">
                    <file>${file.reference.dom4j-1.6.1.jar}</file>
                </library>
                <library dirs="200">
                    <file>${file.reference.ehcache-core-2.4.3.jar}</file>
                </library>
                <library dirs="200">
                    <file>${file.reference.java-util-1.3.1.jar}</file>
                </library>
                <library dirs="200">
                    <file>${file.reference.javamail-1.3.2.jar}</file>
                </library>
                <library dirs="200">
                    <file>${file.reference.javamail-mailapi-1.4.jar}</file>
                </library>
                <library dirs="200">
                    <file>${file.reference.javassist-3.18.1-GA.jar}</file>
                </library>
                <library dirs="200">
                    <file>${file.reference.javax.persistence_2.1.0.v201304241213.jar}</file>
                </library>
                <library dirs="200">
                    <file>${file.reference.jboss-logging-3.1.3.GA.jar}</file>
                </library>
                <library dirs="200">
                    <file>${file.reference.jboss-transaction-api_1.2_spec-1.0.0.Final.jar}</file>
                </library>
                <library dirs="200">
                    <file>${file.reference.jcommon.jar-1}</file>
                </library>
                <library dirs="200">
                    <file>${file.reference.jfreechart.jar-1}</file>
                </library>
                <library dirs="200">
                    <file>${file.reference.mchange-commons-java-0.2.3.4.jar}</file>
                </library>
                <library dirs="200">
                    <file>${libs.MySQL.classpath}</file>
                    <path-in-war>WEB-INF/lib</path-in-war>
                </library>
                <library dirs="200">
                    <file>${file.reference.org.apache.commons.fileupload.jar}</file>
                </library>
                <library dirs="200">
                    <file>${file.reference.antlr-2.7.7.jar-2}</file>
                    <path-in-war>WEB-INF/lib</path-in-war>
                </library>
                <library dirs="200">
                    <file>${file.reference.byte-buddy-1.8.12.jar}</file>
                    <path-in-war>WEB-INF/lib</path-in-war>
                </library>
                <library dirs="200">
                    <file>${file.reference.c3p0-0.9.5.2.jar}</file>
                    <path-in-war>WEB-INF/lib</path-in-war>
                </library>
                <library dirs="200">
                    <file>${file.reference.classmate-1.3.4.jar}</file>
                    <path-in-war>WEB-INF/lib</path-in-war>
                </library>
                <library dirs="200">
                    <file>${file.reference.dom4j-1.6.1.jar-2}</file>
                    <path-in-war>WEB-INF/lib</path-in-war>
                </library>
                <library dirs="200">
                    <file>${file.reference.geolatte-geom-1.3.0.jar}</file>
                    <path-in-war>WEB-INF/lib</path-in-war>
                </library>
                <library dirs="200">
                    <file>${file.reference.hibernate-c3p0-5.3.1.Final.jar}</file>
                    <path-in-war>WEB-INF/lib</path-in-war>
                </library>
                <library dirs="200">
                    <file>${file.reference.hibernate-commons-annotations-5.0.3.Final.jar}</file>
                    <path-in-war>WEB-INF/lib</path-in-war>
                </library>
                <library dirs="200">
                    <file>${file.reference.hibernate-core-5.3.1.Final.jar}</file>
                    <path-in-war>WEB-INF/lib</path-in-war>
                </library>
                <library dirs="200">
                    <file>${file.reference.hibernate-envers-5.3.1.Final.jar}</file>
                    <path-in-war>WEB-INF/lib</path-in-war>
                </library>
                <library dirs="200">
                    <file>${file.reference.hibernate-jpamodelgen-5.3.1.Final.jar}</file>
                    <path-in-war>WEB-INF/lib</path-in-war>
                </library>
                <library dirs="200">
                    <file>${file.reference.hibernate-osgi-5.3.1.Final.jar}</file>
                    <path-in-war>WEB-INF/lib</path-in-war>
                </library>
                <library dirs="200">
                    <file>${file.reference.hibernate-proxool-5.3.1.Final.jar}</file>
                    <path-in-war>WEB-INF/lib</path-in-war>
                </library>
                <library dirs="200">
                    <file>${file.reference.hibernate-spatial-5.3.1.Final.jar}</file>
                    <path-in-war>WEB-INF/lib</path-in-war>
                </library>
                <library dirs="200">
                    <file>${file.reference.jandex-2.0.3.Final.jar}</file>
                    <path-in-war>WEB-INF/lib</path-in-war>
                </library>
                <library dirs="200">
                    <file>${file.reference.javassist-3.22.0-GA.jar}</file>
                    <path-in-war>WEB-INF/lib</path-in-war>
                </library>
                <library dirs="200">
                    <file>${file.reference.javax.interceptor-api-1.2.jar}</file>
                    <path-in-war>WEB-INF/lib</path-in-war>
                </library>
                <library dirs="200">
                    <file>${file.reference.javax.persistence-api-2.2.jar}</file>
                    <path-in-war>WEB-INF/lib</path-in-war>
                </library>
                <library dirs="200">
                    <file>${file.reference.jboss-logging-3.3.2.Final.jar}</file>
                    <path-in-war>WEB-INF/lib</path-in-war>
                </library>
                <library dirs="200">
                    <file>${file.reference.jboss-transaction-api_1.2_spec-1.1.1.Final.jar}</file>
                    <path-in-war>WEB-INF/lib</path-in-war>
                </library>
                <library dirs="200">
                    <file>${file.reference.jts-core-1.14.0.jar}</file>
                    <path-in-war>WEB-INF/lib</path-in-war>
                </library>
                <library dirs="200">
                    <file>${file.reference.mchange-commons-java-0.2.11.jar}</file>
                    <path-in-war>WEB-INF/lib</path-in-war>
                </library>
                <library dirs="200">
                    <file>${file.reference.org.osgi.compendium-4.3.1.jar}</file>
                    <path-in-war>WEB-INF/lib</path-in-war>
                </library>
                <library dirs="200">
                    <file>${file.reference.org.osgi.core-4.3.1.jar}</file>
                    <path-in-war>WEB-INF/lib</path-in-war>
                </library>
                <library dirs="200">
                    <file>${file.reference.postgresql-42.2.2.jar}</file>
                    <path-in-war>WEB-INF/lib</path-in-war>
                </library>
                <library dirs="200">
                    <file>${file.reference.proxool-0.8.3.jar}</file>
                    <path-in-war>WEB-INF/lib</path-in-war>
                </library>
                <library dirs="200">
                    <file>${file.reference.slf4j-api-1.6.1.jar-1}</file>
                    <path-in-war>WEB-INF/lib</path-in-war>
                </library>
                <library dirs="200">
                    <file>${file.reference.slf4j-api-1.6.1.jar}</file>
                </library>
                <library dirs="200">
                    <file>${file.reference.slf4j-simple-1.6.1.jar}</file>
                </library>
                <library dirs="200">
                    <file>${file.reference.antlr-2.7.7.jar-1}</file>
                </library>
                <library dirs="200">
                    <file>${file.reference.dom4j-1.6.1.jar-1}</file>
                </library>
                <library dirs="200">
                    <file>${file.reference.hibernate-commons-annotations-4.0.4.Final.jar-1}</file>
                </library>
                <library dirs="200">
                    <file>${file.reference.jboss-logging-3.3.1.Final.jar}</file>
                </library>
                <library dirs="200">
                    <file>${file.reference.mysql-connector-java-5.1.23-bin.jar}</file>
                </library>
                <library dirs="200">
                    <file>${libs.jpa20-persistence.classpath}</file>
                    <path-in-war>WEB-INF/lib</path-in-war>
                </library>
                <library dirs="200">
                    <file>${file.reference.jaxb-api-2.1.jar}</file>
                    <path-in-war>WEB-INF/lib</path-in-war>
                </library>
                <library dirs="200">
                    <file>${file.reference.jaxb-impl-2.0.1.jar}</file>
                    <path-in-war>WEB-INF/lib</path-in-war>
                </library>
                <library dirs="200">
                    <file>${file.reference.activation-1.1.1.jar}</file>
                    <path-in-war>WEB-INF/lib</path-in-war>
                </library>
                <library dirs="200">
                    <file>${file.reference.gson-2.2.2.jar}</file>
                    <path-in-war>WEB-INF/lib</path-in-war>
                </library>
                <library dirs="200">
                    <file>${file.reference.javax.json-1.0.4.jar}</file>
                    <path-in-war>WEB-INF/lib</path-in-war>
                </library>
                <library dirs="200">
                    <file>${file.reference.standard.jar}</file>
                    <path-in-war>WEB-INF/lib</path-in-war>
                </library>
                <library dirs="200">
                    <file>${file.reference.template.jar}</file>
                    <path-in-war>WEB-INF/lib</path-in-war>
                </library>
                <library dirs="200">
                    <file>${file.reference.jfreechart.jar}</file>
                    <path-in-war>WEB-INF/lib</path-in-war>
                </library>
                <library dirs="200">
                    <file>${file.reference.jcommon.jar}</file>
                    <path-in-war>WEB-INF/lib</path-in-war>
                </library>
            </web-module-libraries>
            <web-module-additional-libraries/>
            <source-roots>
                <root id="src.dir"/>
            </source-roots>
            <test-roots>
                <root id="test.src.dir"/>
            </test-roots>
        </data>
        <libraries xmlns="http://www.netbeans.org/ns/cdnjs-libraries/1"/>
    </configuration>
</project>
