<?xml version="1.0" encoding="UTF-8"?>
<project-private xmlns="http://www.netbeans.org/ns/project-private/1">
    <editor-bookmarks xmlns="http://www.netbeans.org/ns/editor-bookmarks/2" lastBookmarkId="0"/>
    <open-files xmlns="http://www.netbeans.org/ns/projectui-open-files/2">
        <group>
            <file>file:/Users/sagarverma/Desktop/BCCE-pranay%20wadekar/PHASE3/ITATSADMINSEARCH/web/index.jsp</file>
            <file>file:/Users/sagarverma/Desktop/BCCE-pranay%20wadekar/PHASE3/ITATSADMINSEARCH/src/java/com/main/servlet/SearchServlet.java</file>
            <file>file:/Users/sagarverma/Desktop/BCCE-pranay%20wadekar/PHASE3/ITATSADMINSEARCH/src/java/eew/main/service/SearchService.java</file>
            <file>file:/Users/sagarverma/Desktop/BCCE-pranay%20wadekar/PHASE3/ITATSADMINSEARCH/web/result.jsp</file>
            <file>file:/Users/sagarverma/Desktop/BCCE-pranay%20wadekar/PHASE3/ITATSADMINSEARCH/src/java/algo/compare/AfterOptimization.java</file>
            <file>file:/Users/sagarverma/Desktop/BCCE-pranay%20wadekar/PHASE3/ITATSADMINSEARCH/src/java/com/main/servlet/SearchResutlServlet.java</file>
            <file>file:/Users/sagarverma/Desktop/BCCE-pranay%20wadekar/PHASE3/ITATSADMINSEARCH/src/java/com/main/servlet/RegistrationServlet.java</file>
            <file>file:/Users/sagarverma/Desktop/BCCE-pranay%20wadekar/PHASE3/ITATSADMINSEARCH/src/java/algo/compare/BeforeOptimization.java</file>
            <file>file:/Users/sagarverma/Desktop/BCCE-pranay%20wadekar/PHASE3/ITATSADMINSEARCH/src/java/com/main/servlet/LoginServlet.java</file>
            <file>file:/Users/sagarverma/Desktop/BCCE-pranay%20wadekar/PHASE3/ITATSADMINSEARCH/src/java/com/main/servlet/FoodServlet.java</file>
            <file>file:/Users/sagarverma/Desktop/BCCE-pranay%20wadekar/PHASE3/ITATSADMINSEARCH/src/java/com/main/servlet/BackServelt.java</file>
            <file>file:/Users/sagarverma/Desktop/BCCE-pranay%20wadekar/PHASE3/ITATSADMINSEARCH/src/java/algo/compare/CostAnalysisChart.java</file>
            <file>file:/Users/sagarverma/Desktop/BCCE-pranay%20wadekar/PHASE3/ITATSADMINSEARCH/src/java/algo/compare/LCWDTO.java</file>
            <file>file:/Users/sagarverma/Desktop/BCCE-pranay%20wadekar/PHASE3/ITATSADMINSEARCH/web/commen.jsp</file>
        </group>
    </open-files>
</project-private>
